day,avg_tip,avg_bill
Sun,3.255131578947369,21.410000000000004
Sat,2.993103448275862,20.441379310344825
Thur,2.771451612903226,17.682741935483865
Fri,2.734736842105263,17.151578947368417
